{
  "config": {
    "BANKROLL": 5000,
    "KELLY_FRACTION": 0.1,
    "MIN_VALUE_EDGE": 0.01,
    "MAX_BET_PCT": 0.03
  },
  "results": {
    "totalBets": 272,
    "wins": 101,
    "losses": 171,
    "roi": "21.93%",
    "sharpe": "2.10",
    "clv": "100.0%",
    "profit": 833,
    "finalBankroll": 5833
  },
  "monthlyPnL": {
    "2024-04": {
      "bets": 24,
      "pnl": 12.615515196479622
    },
    "2024-05": {
      "bets": 23,
      "pnl": 170.27558532671588
    },
    "2024-06": {
      "bets": 3,
      "pnl": -53.28537710881514
    },
    "2024-08": {
      "bets": 14,
      "pnl": 119.5804412017497
    },
    "2024-09": {
      "bets": 25,
      "pnl": -34.37916679234052
    },
    "2024-10": {
      "bets": 17,
      "pnl": 111.67983989576705
    },
    "2024-11": {
      "bets": 26,
      "pnl": 42.04763978445071
    },
    "2024-12": {
      "bets": 23,
      "pnl": 9.462236094746679
    },
    "2025-01": {
      "bets": 17,
      "pnl": 317.2067371589738
    },
    "2025-02": {
      "bets": 23,
      "pnl": 73.09991510321686
    },
    "2025-03": {
      "bets": 30,
      "pnl": -60.547041539753835
    },
    "2025-04": {
      "bets": 14,
      "pnl": -24.473934445545392
    },
    "2025-05": {
      "bets": 30,
      "pnl": 102.12192110923127
    },
    "2025-06": {
      "bets": 3,
      "pnl": 47.902270828825635
    }
  },
  "leaguePnL": {
    "I2": {
      "bets": 75,
      "pnl": 483.2394753490694,
      "staked": 1076.5885030996428
    },
    "T1": {
      "bets": 55,
      "pnl": 100.19523979594156,
      "staked": 837.519344117572
    },
    "I1": {
      "bets": 43,
      "pnl": 78.22518733947547,
      "staked": 458.34727706316545
    },
    "SP2": {
      "bets": 50,
      "pnl": 99.50310238898784,
      "staked": 722.0703151773988
    },
    "D2": {
      "bets": 12,
      "pnl": -42.055582490993615,
      "staked": 135.84763171764237
    },
    "D1": {
      "bets": 23,
      "pnl": 106.01942108680771,
      "staked": 233.6540487725708
    },
    "N1": {
      "bets": 14,
      "pnl": 8.179738344413892,
      "staked": 335.84727294575066
    }
  },
  "calibration": [
    {
      "predicted": "3%",
      "actual": "25%",
      "count": 1278,
      "error": 22.147887323943664
    },
    {
      "predicted": "8%",
      "actual": "29%",
      "count": 1235,
      "error": 21.6497975708502
    },
    {
      "predicted": "13%",
      "actual": "29%",
      "count": 1260,
      "error": 16.15079365079365
    },
    {
      "predicted": "18%",
      "actual": "28%",
      "count": 1146,
      "error": 10.859511343804536
    },
    {
      "predicted": "23%",
      "actual": "31%",
      "count": 1026,
      "error": 8.104288499025339
    },
    {
      "predicted": "28%",
      "actual": "34%",
      "count": 831,
      "error": 6.074007220216604
    },
    {
      "predicted": "33%",
      "actual": "32%",
      "count": 737,
      "error": 0.6139755766621513
    },
    {
      "predicted": "38%",
      "actual": "36%",
      "count": 592,
      "error": 1.858108108108114
    },
    {
      "predicted": "43%",
      "actual": "38%",
      "count": 512,
      "error": 5.000000000000004
    },
    {
      "predicted": "48%",
      "actual": "36%",
      "count": 437,
      "error": 11.573226544622429
    },
    {
      "predicted": "53%",
      "actual": "40%",
      "count": 402,
      "error": 12.201492537313435
    },
    {
      "predicted": "58%",
      "actual": "35%",
      "count": 362,
      "error": 22.969613259668513
    },
    {
      "predicted": "63%",
      "actual": "36%",
      "count": 346,
      "error": 26.372832369942206
    },
    {
      "predicted": "68%",
      "actual": "40%",
      "count": 346,
      "error": 27.61560693641619
    },
    {
      "predicted": "73%",
      "actual": "42%",
      "count": 360,
      "error": 30.83333333333334
    },
    {
      "predicted": "78%",
      "actual": "44%",
      "count": 284,
      "error": 33.13380281690141
    },
    {
      "predicted": "83%",
      "actual": "49%",
      "count": 276,
      "error": 33.22463768115942
    },
    {
      "predicted": "88%",
      "actual": "46%",
      "count": 253,
      "error": 41.65019762845851
    },
    {
      "predicted": "93%",
      "actual": "51%",
      "count": 304,
      "error": 41.842105263157904
    },
    {
      "predicted": "98%",
      "actual": "45%",
      "count": 127,
      "error": 52.61811023622048
    }
  ],
  "lastBets": [
    {
      "date": "29/03/2025",
      "league": "I2",
      "match": "Modena vs Catanzaro",
      "side": "D",
      "modelProb": "32.2%",
      "odds": "3.30",
      "edge": "1.9%",
      "bet": 16,
      "result": "H",
      "won": false,
      "profit": -16,
      "bankroll": 5642
    },
    {
      "date": "29/03/2025",
      "league": "SP2",
      "match": "Eldense vs Burgos",
      "side": "D",
      "modelProb": "33.8%",
      "odds": "3.05",
      "edge": "1.0%",
      "bet": 8,
      "result": "D",
      "won": true,
      "profit": 17,
      "bankroll": 5659
    },
    {
      "date": "31/03/2025",
      "league": "I1",
      "match": "Verona vs Parma",
      "side": "D",
      "modelProb": "31.9%",
      "odds": "3.40",
      "edge": "2.5%",
      "bet": 20,
      "result": "D",
      "won": true,
      "profit": 49,
      "bankroll": 5708
    },
    {
      "date": "04/04/2025",
      "league": "I2",
      "match": "Reggiana vs Cremonese",
      "side": "D",
      "modelProb": "31.6%",
      "odds": "3.30",
      "edge": "1.3%",
      "bet": 11,
      "result": "A",
      "won": false,
      "profit": -11,
      "bankroll": 5697
    },
    {
      "date": "05/04/2025",
      "league": "T1",
      "match": "Buyuksehyr vs Konyaspor",
      "side": "D",
      "modelProb": "28.3%",
      "odds": "3.67",
      "edge": "1.0%",
      "bet": 8,
      "result": "H",
      "won": false,
      "profit": -8,
      "bankroll": 5689
    },
    {
      "date": "06/04/2025",
      "league": "I1",
      "match": "Lecce vs Venezia",
      "side": "D",
      "modelProb": "31.5%",
      "odds": "3.30",
      "edge": "1.2%",
      "bet": 10,
      "result": "D",
      "won": true,
      "profit": 23,
      "bankroll": 5713
    },
    {
      "date": "06/04/2025",
      "league": "I2",
      "match": "Palermo vs Sassuolo",
      "side": "D",
      "modelProb": "31.4%",
      "odds": "3.38",
      "edge": "1.8%",
      "bet": 14,
      "result": "H",
      "won": false,
      "profit": -14,
      "bankroll": 5698
    },
    {
      "date": "12/04/2025",
      "league": "I2",
      "match": "Carrarese vs Catanzaro",
      "side": "D",
      "modelProb": "31.9%",
      "odds": "3.25",
      "edge": "1.1%",
      "bet": 9,
      "result": "D",
      "won": true,
      "profit": 21,
      "bankroll": 5719
    },
    {
      "date": "13/04/2025",
      "league": "I1",
      "match": "Verona vs Genoa",
      "side": "D",
      "modelProb": "33.1%",
      "odds": "3.15",
      "edge": "1.4%",
      "bet": 12,
      "result": "D",
      "won": true,
      "profit": 25,
      "bankroll": 5744
    },
    {
      "date": "21/04/2025",
      "league": "T1",
      "match": "Alanyaspor vs Samsunspor",
      "side": "D",
      "modelProb": "33.5%",
      "odds": "3.10",
      "edge": "1.3%",
      "bet": 11,
      "result": "H",
      "won": false,
      "profit": -11,
      "bankroll": 5734
    },
    {
      "date": "25/04/2025",
      "league": "I2",
      "match": "Cremonese vs Mantova",
      "side": "H",
      "modelProb": "64.6%",
      "odds": "1.58",
      "edge": "1.3%",
      "bet": 20,
      "result": "H",
      "won": true,
      "profit": 12,
      "bankroll": 5745
    },
    {
      "date": "25/04/2025",
      "league": "SP2",
      "match": "Cadiz vs Sp Gijon",
      "side": "D",
      "modelProb": "30.5%",
      "odds": "3.40",
      "edge": "1.1%",
      "bet": 9,
      "result": "H",
      "won": false,
      "profit": -9,