{
  "config": {
    "BANKROLL": 5000,
    "KELLY_FRACTION": 0.1,
    "MIN_VALUE_EDGE": 0.01,
    "MIN_ODDS": 1.5,
    "MAX_ODDS": 5
  },
  "results": {
    "profit": -4174,
    "roi": "-6.8%",
    "sharpe": "-1.68",
    "bets": 2528,
    "wins": 1192,
    "winRate": "47.2%",
    "dd": "87.7%"
  },
  "monthlyPnL": {
    "2024-04": {
      "bets": 240,
      "pnl": -2274.8310420786834
    },
    "2024-05": {
      "bets": 193,
      "pnl": -323.7258864841558
    },
    "2024-06": {
      "bets": 14,
      "pnl": -39.64714126360718
    },
    "2024-08": {
      "bets": 151,
      "pnl": -733.0337056029662
    },
    "2024-09": {
      "bets": 194,
      "pnl": -276.9257342631056
    },
    "2024-10": {
      "bets": 237,
      "pnl": -53.014120927786585
    },
    "2024-11": {
      "bets": 250,
      "pnl": 64.15562568114845
    },
    "2024-12": {
      "bets": 252,
      "pnl": 43.40911777490684
    },
    "2025-01": {
      "bets": 204,
      "pnl": 181.0433241467102
    },
    "2025-02": {
      "bets": 223,
      "pnl": -764.4576962192106
    },
    "2025-03": {
      "bets": 228,
      "pnl": 116.22121965494232
    },
    "2025-04": {
      "bets": 171,
      "pnl": -27.768803449826038
    },
    "2025-05": {
      "bets": 162,
      "pnl": -134.84020278360495
    },
    "2025-06": {
      "bets": 9,
      "pnl": 49.58791480306641
    }
  },
  "leaguePnL": {
    "SP2": {
      "bets": 639,
      "pnl": -678.6945558797854,
      "staked": 15715.805821667003
    },
    "D1": {
      "bets": 269,
      "pnl": -1290.0230528635752,
      "staked": 6510.604772308746
    },
    "I1": {
      "bets": 395,
      "pnl": -134.0426505690906,
      "staked": 9929.307779265293
    },
    "D2": {
      "bets": 283,
      "pnl": -566.8588431239707,
      "staked": 7528.795994741402
    },
    "I2": {
      "bets": 391,
      "pnl": -158.8736567666903,
      "staked": 8852.083638922437
    },
    "N1": {
      "bets": 235,
      "pnl": -551.3064385585164,
      "staked": 5689.802124634294
    },
    "T1": {
      "bets": 316,
      "pnl": -794.0279332505463,
      "staked": 6894.864058550449
    }
  },
  "typePnL": {
    "H": {
      "bets": 1172,
      "pnl": -4040.4268283990655,
      "staked": 31100.656054426017
    },
    "D": {
      "bets": 105,
      "pnl": -46.54816848329505,
      "staked": 1062.7609989812913
    },
    "Over": {
      "bets": 1251,
      "pnl": -86.85213412981581,
      "staked": 28957.847136682318
    }
  },
  "lastBets": [
    {
      "date": "17/05/2025",
      "league": "SP2",
      "match": "Malaga vs Sp Gijon",
      "side": "Over",
      "prob": "49.5%",
      "odds": "2.38",
      "edge": "7.5%",
      "bet": 10,
      "won": true,
      "profit": 14,
      "bankroll": 821,
      "homeForm": "0.33",
      "awayForm": "0.37",
      "h2hDraws": "0.67"
    },
    {
      "date": "18/05/2025",
      "league": "I1",
      "match": "Fiorentina vs Bologna",
      "side": "H",
      "prob": "41.7%",
      "odds": "2.88",
      "edge": "7.0%",
      "bet": 9,
      "won": true,
      "profit": 16,
      "bankroll": 837,
      "homeForm": "0.57",
      "awayForm": "0.60",
      "h2hDraws": "0.00"
    },
    {
      "date": "18/05/2025",
      "league": "I1",
      "match": "Roma vs Milan",
      "side": "H",
      "prob": "48.7%",
      "odds": "2.41",
      "edge": "7.2%",
      "bet": 10,
      "won": true,
      "profit": 14,
      "bankroll": 852,
      "homeForm": "0.77",
      "awayForm": "0.63",
      "h2hDraws": "0.60"
    },
    {
      "date": "18/05/2025",
      "league": "D2",
      "match": "Braunschweig vs Nurnberg",
      "side": "Over",
      "prob": "68.6%",
      "odds": "1.53",
      "edge": "3.2%",
      "bet": 8,
      "won": true,
      "profit": 4,
      "bankroll": 856,
      "homeForm": "0.47",
      "awayForm": "0.33",
      "h2hDraws": "0.20"
    },
    {
      "date": "18/05/2025",
      "league": "T1",
      "match": "Kasimpasa vs Buyuksehyr",
      "side": "H",
      "prob": "56.7%",
      "odds": "2.32",
      "edge": "13.6%",
      "bet": 21,
      "won": false,
      "profit": -21,
      "bankroll": 836,
      "homeForm": "0.50",
      "awayForm": "0.60",
      "h2hDraws": "0.20"
    },
    {
      "date": "18/05/2025",
      "league": "T1",
      "match": "Kasimpasa vs Buyuksehyr",
      "side": "Over",
      "prob": "66.5%",
      "odds": "1.67",
      "edge": "6.6%",
      "bet": 14,
      "won": true,
      "profit": 9,
      "bankroll": 845,
      "homeForm": "0.50",
      "awayForm": "0.60",
      "h2hDraws": "0.20"
    },
    {
      "date": "18/05/2025",
      "league": "T1",
      "match": "Samsunspor vs Sivasspor",
      "side": "Over",
      "prob": "61.5%",
      "odds": "1.78",
      "edge": "5.4%",
      "bet": 10,
      "won": false,
      "profit": -10,
      "bankroll": 834,
      "homeForm": "0.37",
      "awayForm": "0.37",
      "h2hDraws": "0.67"
    },
    {
      "date": "18/05/2025",
      "league": "N1",
      "match": "Zwolle vs Groningen",
      "side": "H",
      "prob": "49.4%",
      "odds": "2.35",
      "edge": "6.9%",
      "bet": 10,
      "won": true,
      "profit": 14,
      "bankroll": 848,
      "homeForm": "0.43",
      "awayForm": "0.40",
      "h2hDraws": "?"
    },
    {
      "date": "18/05/2025",
      "league": "N1",
      "match": "Zwolle vs Groningen",
      "side": "Over",
      "prob": "68.2%",
      "odds": "1.70",
      "edge": "9.4%",
      "bet": 19,
      "won": false,
      "profit": -19,
      "bankroll": 829,
      "homeForm": "0.43",
      "awayForm": "0.40",
      "h2hDraws": "?"
    },
    {
      "date": "18/05/2025",
      "league": "SP2",
      "match": "Castellon vs Eldense",
      "side": "H",
      "prob": "64.8%",
      "odds": "1.72",
      "edge": "6.6%",
      "bet": 13,
      "won": false,
      "profit": -13,
      "bankroll": 815,
      "homeForm": "0.33",
      "awayForm": "0.40",
      "h2hDraws": "?"
    },
    {
      "date": "18/05/2025",
      "league": "SP2",
      "match": "Castellon vs Eldense",
      "side": "Over",
      "prob": "68.4%",
      "odds": "1.70",
      "edge": "9.6%",
      "bet": 19,
      "won": false,
      "profit": -19,
      "bankroll": 796,
      "homeForm": "0.33",
      "awayForm": "0.40",
      "h2hDraws": "?"
    },
    {
      "date": "18/05/2025",
      "league": "SP2",
      "match": "Oviedo vs Zaragoza",
      "side": "H",
      "prob": "67.1%",
      "odds": "1.81",
      "edge": "11.9%",
      "bet": 21,
      "won": true,
      "profit": 17,
      "bankroll": 814,
      "homeForm": "0.53",
      "awayForm": "0.40",
      "h2hDraws": "0.40"
    },
    {
      "date": "18/05/2025",
      "league": "SP2",
      "match": "Oviedo vs Zaragoza",
      "side": "Over",
      "prob": "56.0%",
      "odds": "2.45",
      "edge": "15.1%",
      "bet": 21,
      "won": false,
      "profit": -21,
      "bankroll": 793,
      "homeForm": "0.53",
      "awayForm": "0.40",
      "h2hDraws": "0.40"
    },
    {
      "date": "18/05/2025",
      "league": "SP2",
      "match": "Almeria vs Santander",
      "side": "H",
      "prob": "60.7%",
      "odds": "1.85",
      "edge": "6.6%",
      "bet": 11,
      "won": true,
      "profit": 10,
      "bankroll": 802,
      "homeForm": "0.50",
      "awayForm": "0.50",
      "h2hDraws": "?"
    },
    {
      "date": "19/05/2025",
      "league": "SP2",
      "match": "Cordoba vs Mirandes",
      "side": "H",
      "prob": "50.2%",
      "odds": "2.62",
      "edge": "12.0%",
      "bet": 16,
      "won": false,
      "profit": -16,
      "bankroll": 787,
      "homeForm": "0.40",
      "awayForm": "0.57",
      "h2hDraws": "?"
    },
    {
      "date": "19/05/2025",
      "league": "SP2",
      "match": "Cordoba vs Mirandes",
      "side": "Over",
      "prob": "63.0%",
      "odds": "2.02",
      "edge": "13.5%",
      "bet": 21,
      "won": true,
      "profit": 21,
      "bankroll": 808,
      "homeForm": "0.40",
      "awayForm": "0.57",